"brand","delivery","detailPageUrl","id","imageUrl","originalPrice","price","productName","promotion","rating","reviewsCount","salePercent","scrapedAt","searchUrl"
"b_b","24 мая","https://www.wildberries.ru/catalog/958804302/detail.aspx","958804302","https://basket-40.wbbasket.ru/vol9588/part958804/958804302/images/c516x688/1.webp","1 245 ₽","457 ₽","/ 1шт. Светодиодная подсветка Tv 50 Js-d-jp5020-b51ec Type B","","",,"−62%−62%","2026-05-20T20:48:55.237Z","https://www.wildberries.ru/catalog/0/search.aspx?sort=priceup&search=%D1%82%D0%B5%D0%BB%D0%B5%D0%B2%D0%B8%D0%B7%D0%BE%D1%80"
"","24 мая","https://www.wildberries.ru/catalog/954490530/detail.aspx","954490530","https://basket-40.wbbasket.ru/vol9544/part954490/954490530/images/c516x688/1.webp","1 245 ₽","457 ₽","/ 1шт. Светодиодная подсветка Tv 40 Samsung 2013SVS40F L 8","","",,"−62%−62%","2026-05-20T20:48:55.237Z","https://www.wildberries.ru/catalog/0/search.aspx?sort=priceup&search=%D1%82%D0%B5%D0%BB%D0%B5%D0%B2%D0%B8%D0%B7%D0%BE%D1%80"
"","24 мая","https://www.wildberries.ru/catalog/954486470/detail.aspx","954486470","https://basket-40.wbbasket.ru/vol9544/part954486/954486470/images/c516x688/1.webp","1 315 ₽","483 ₽","/ 1шт. Светодиодная подсветка Tv 47 Row2 1 Rev0 7 1 R2-Type Tv","","",,"−62%−62%","2026-05-20T20:48:55.237Z","https://www.wildberries.ru/catalog/0/search.aspx?sort=priceup&search=%D1%82%D0%B5%D0%BB%D0%B5%D0%B2%D0%B8%D0%B7%D0%BE%D1%80"
"","24 мая","https://www.wildberries.ru/catalog/956854167/detail.aspx","956854167","https://basket-40.wbbasket.ru/vol9568/part956854/956854167/images/c516x688/1.webp","1 315 ₽","483 ₽","/ 1шт. Светодиодная подсветка Tv 43 2015ARC430 L 5 линз","","",,"−62%−62%","2026-05-20T20:48:55.237Z","https://www.wildberries.ru/catalog/0/search.aspx?sort=priceup&search=%D1%82%D0%B5%D0%BB%D0%B5%D0%B2%D0%B8%D0%B7%D0%BE%D1%80"
"","24 мая","https://www.wildberries.ru/catalog/956854263/detail.aspx","956854263","https://basket-40.wbbasket.ru/vol9568/part956854/956854263/images/c516x688/1.webp","1 376 ₽","505 ₽","/ 1шт. Светодиодная подсветка Tv 50 2015 Svs50 Fhd Fcom R5","","",,"−62%−62%","2026-05-20T20:48:55.237Z","https://www.wildberries.ru/catalog/0/search.aspx?sort=priceup&search=%D1%82%D0%B5%D0%BB%D0%B5%D0%B2%D0%B8%D0%B7%D0%BE%D1%80"
"","24 мая","https://www.wildberries.ru/catalog/954469720/detail.aspx","954469720","https://basket-40.wbbasket.ru/vol9544/part954469/954469720/images/c516x688/1.webp","1 386 ₽","509 ₽","/ 1шт. Светодиоднаяподсветка Tv 50 Row2 1 Rev 0 4 1 R1-Type","","",,"−62%−62%","2026-05-20T20:48:55.237Z","https://www.wildberries.ru/catalog/0/search.aspx?sort=priceup&search=%D1%82%D0%B5%D0%BB%D0%B5%D0%B2%D0%B8%D0%B7%D0%BE%D1%80"
"b_b","24 мая","https://www.wildberries.ru/catalog/958802196/detail.aspx","958802196","https://basket-40.wbbasket.ru/vol9588/part958802/958802196/images/c516x688/1.webp","1 386 ₽","509 ₽","/ 1шт. Светодиодная подсветка Tv 50 Row2 1 Rev 0 4 1 L1-Type","","",,"−62%−62%","2026-05-20T20:48:55.237Z","https://www.wildberries.ru/catalog/0/search.aspx?sort=priceup&search=%D1%82%D0%B5%D0%BB%D0%B5%D0%B2%D0%B8%D0%B7%D0%BE%D1%80"
"","15 июня","https://www.wildberries.ru/catalog/808922222/detail.aspx","808922222","https://basket-37.wbbasket.ru/vol8089/part808922/808922222/images/c516x688/1.webp","1 098 ₽","510 ₽","/ Для дистанционного управления N2QAYB000830","РАСПРОДАЖА","",,"−52%−52%","2026-05-20T20:48:55.237Z","https://www.wildberries.ru/catalog/0/search.aspx?sort=priceup&search=%D1%82%D0%B5%D0%BB%D0%B5%D0%B2%D0%B8%D0%B7%D0%BE%D1%80"
"b_b","24 мая","https://www.wildberries.ru/catalog/958804106/detail.aspx","958804106","https://basket-40.wbbasket.ru/vol9588/part958804/958804106/images/c516x688/1.webp","1 502 ₽","552 ₽","/ 1шт. Светодиодная подсветка Tv 43","","",,"−62%−62%","2026-05-20T20:48:55.237Z","https://www.wildberries.ru/catalog/0/search.aspx?sort=priceup&search=%D1%82%D0%B5%D0%BB%D0%B5%D0%B2%D0%B8%D0%B7%D0%BE%D1%80"
"b_b","24 мая","https://www.wildberries.ru/catalog/958802224/detail.aspx","958802224","https://basket-40.wbbasket.ru/vol9588/part958802/958802224/images/c516x688/1.webp","1 597 ₽","587 ₽","/ 1шт. Светодиодная подсветка Tv 49 V17 Art3 2862 Rev0 2","","",,"−62%−62%","2026-05-20T20:48:55.237Z","https://www.wildberries.ru/catalog/0/search.aspx?sort=priceup&search=%D1%82%D0%B5%D0%BB%D0%B5%D0%B2%D0%B8%D0%B7%D0%BE%D1%80"
"","5 июня","https://www.wildberries.ru/catalog/1038862745/detail.aspx","1038862745","https://basket-42.wbbasket.ru/vol10388/part1038862/1038862745/images/c516x688/1.webp","618 ₽","605 ₽","/ LED-телевизор Ариелли LED-32DN4T2","","",,"","2026-05-20T20:48:55.237Z","https://www.wildberries.ru/catalog/0/search.aspx?sort=priceup&search=%D1%82%D0%B5%D0%BB%D0%B5%D0%B2%D0%B8%D0%B7%D0%BE%D1%80"
"b_b","24 мая","https://www.wildberries.ru/catalog/958802273/detail.aspx","958802273","https://basket-40.wbbasket.ru/vol9588/part958802/958802273/images/c516x688/1.webp","1 660 ₽","610 ₽","/ 1шт. Светодиодная подсветка Tv 40 Ndsoem A Type Rev0 1","","",,"−62%−62%","2026-05-20T20:48:55.237Z","https://www.wildberries.ru/catalog/0/search.aspx?sort=priceup&search=%D1%82%D0%B5%D0%BB%D0%B5%D0%B2%D0%B8%D0%B7%D0%BE%D1%80"
"b_b","24 мая","https://www.wildberries.ru/catalog/958804104/detail.aspx","958804104","https://basket-40.wbbasket.ru/vol9588/part958804/958804104/images/c516x688/1.webp","1 660 ₽","610 ₽","/ 1шт. Светодиодная подсветка Tv 40 Ic-c-tbac47d253r","","",,"−62%−62%","2026-05-20T20:48:55.237Z","https://www.wildberries.ru/catalog/0/search.aspx?sort=priceup&search=%D1%82%D0%B5%D0%BB%D0%B5%D0%B2%D0%B8%D0%B7%D0%BE%D1%80"
"b_b","24 мая","https://www.wildberries.ru/catalog/958802192/detail.aspx","958802192","https://basket-40.wbbasket.ru/vol9588/part958802/958802192/images/c516x688/1.webp","1 720 ₽","632 ₽","/ 1шт. Светодиодная подсветка Tv 50 Drt 3 0 50_B type","","",,"−62%−62%","2026-05-20T20:48:55.237Z","https://www.wildberries.ru/catalog/0/search.aspx?sort=priceup&search=%D1%82%D0%B5%D0%BB%D0%B5%D0%B2%D0%B8%D0%B7%D0%BE%D1%80"
"","5 июня","https://www.wildberries.ru/catalog/1039493238/detail.aspx","1039493238","https://basket-42.wbbasket.ru/vol10394/part1039493/1039493238/images/c516x688/1.webp","695 ₽","681 ₽","/ BBK 32LED телевизор, Цвет 20 Pieces FOR 10TV","","",,"","2026-05-20T20:48:55.237Z","https://www.wildberries.ru/catalog/0/search.aspx?sort=priceup&search=%D1%82%D0%B5%D0%BB%D0%B5%D0%B2%D0%B8%D0%B7%D0%BE%D1%80"
"","5 июня","https://www.wildberries.ru/catalog/1042451118/detail.aspx","1042451118","https://basket-42.wbbasket.ru/vol10424/part1042451/1042451118/images/c516x688/1.webp","831 ₽","691 ₽","/ diymore LED телевизор подсветка 42-70","","",,"−15%−15%","2026-05-20T20:48:55.237Z","https://www.wildberries.ru/catalog/0/search.aspx?sort=priceup&search=%D1%82%D0%B5%D0%BB%D0%B5%D0%B2%D0%B8%D0%B7%D0%BE%D1%80"
"b_b","24 мая","https://www.wildberries.ru/catalog/958802268/detail.aspx","958802268","https://basket-40.wbbasket.ru/vol9588/part958802/958802268/images/c516x688/1.webp","1 901 ₽","698 ₽","/ 1шт. Светодиодная подсветка Tv 47 Innotek Drt 3 0 47_A type","","",,"−62%−62%","2026-05-20T20:48:55.237Z","https://www.wildberries.ru/catalog/0/search.aspx?sort=priceup&search=%D1%82%D0%B5%D0%BB%D0%B5%D0%B2%D0%B8%D0%B7%D0%BE%D1%80"
"b_b","24 мая","https://www.wildberries.ru/catalog/958804303/detail.aspx","958804303","https://basket-40.wbbasket.ru/vol9588/part958804/958804303/images/c516x688/1.webp","1 932 ₽","710 ₽","/ 2шт. Светодиодная подсветка Tv 50 Js-d-jp5020-b51ec Type B","","",,"−62%−62%","2026-05-20T20:48:55.237Z","https://www.wildberries.ru/catalog/0/search.aspx?sort=priceup&search=%D1%82%D0%B5%D0%BB%D0%B5%D0%B2%D0%B8%D0%B7%D0%BE%D1%80"
"","5 июня","https://www.wildberries.ru/catalog/1012029110/detail.aspx","1012029110","https://basket-41.wbbasket.ru/vol10120/part1012029/1012029110/images/c516x688/1.webp","734 ₽","719 ₽","/ LED-телевизор FALIWEI 6870C-0452A","","5","5","","2026-05-20T20:48:55.237Z","https://www.wildberries.ru/catalog/0/search.aspx?sort=priceup&search=%D1%82%D0%B5%D0%BB%D0%B5%D0%B2%D0%B8%D0%B7%D0%BE%D1%80"
"b_b","24 мая","https://www.wildberries.ru/catalog/958802220/detail.aspx","958802220","https://basket-40.wbbasket.ru/vol9588/part958802/958802220/images/c516x688/1.webp","1 961 ₽","721 ₽","/ 1шт. Светодиодная подсветка Tv 32 3 Mr","","",,"−62%−62%","2026-05-20T20:48:55.237Z","https://www.wildberries.ru/catalog/0/search.aspx?sort=priceup&search=%D1%82%D0%B5%D0%BB%D0%B5%D0%B2%D0%B8%D0%B7%D0%BE%D1%80"
"","24 мая","https://www.wildberries.ru/catalog/954473356/detail.aspx","954473356","https://basket-40.wbbasket.ru/vol9544/part954473/954473356/images/c516x688/1.webp","1 961 ₽","721 ₽","/ 1шт. Светодиодная подсветка Tv 32 Gm","","",,"−62%−62%","2026-05-20T20:48:55.237Z","https://www.wildberries.ru/catalog/0/search.aspx?sort=priceup&search=%D1%82%D0%B5%D0%BB%D0%B5%D0%B2%D0%B8%D0%B7%D0%BE%D1%80"
"b_b","24 мая","https://www.wildberries.ru/catalog/958802181/detail.aspx","958802181","https://basket-40.wbbasket.ru/vol9588/part958802/958802181/images/c516x688/1.webp","1 961 ₽","721 ₽","/ 1шт. Светодиодная подсветка Tv 50 Drt 3 0 _A type Rev01","","",,"−62%−62%","2026-05-20T20:48:55.237Z","https://www.wildberries.ru/catalog/0/search.aspx?sort=priceup&search=%D1%82%D0%B5%D0%BB%D0%B5%D0%B2%D0%B8%D0%B7%D0%BE%D1%80"
"","5 июня","https://www.wildberries.ru/catalog/1042451117/detail.aspx","1042451117","https://basket-42.wbbasket.ru/vol10424/part1042451/1042451117/images/c516x688/1.webp","872 ₽","726 ₽","/ diymore LED телевизор подсветка 42-70","","",,"−15%−15%","2026-05-20T20:48:55.237Z","https://www.wildberries.ru/catalog/0/search.aspx?sort=priceup&search=%D1%82%D0%B5%D0%BB%D0%B5%D0%B2%D0%B8%D0%B7%D0%BE%D1%80"
"b_b","24 мая","https://www.wildberries.ru/catalog/958802250/detail.aspx","958802250","https://basket-40.wbbasket.ru/vol9588/part958802/958802250/images/c516x688/1.webp","2 021 ₽","742 ₽","/ 1шт. Светодиодная подсветка Tv 60 Rh Innotek 17Y","","",,"−62%−62%","2026-05-20T20:48:55.237Z","https://www.wildberries.ru/catalog/0/search.aspx?sort=priceup&search=%D1%82%D0%B5%D0%BB%D0%B5%D0%B2%D0%B8%D0%B7%D0%BE%D1%80"
"","24 мая","https://www.wildberries.ru/catalog/954486471/detail.aspx","954486471","https://basket-40.wbbasket.ru/vol9544/part954486/954486471/images/c516x688/1.webp","2 053 ₽","754 ₽","/ 2шт. Светодиодная подсветка Tv 47 Row2 1 Rev0 7 1 R2-Type Tv","","",,"−62%−62%","2026-05-20T20:48:55.237Z","https://www.wildberries.ru/catalog/0/search.aspx?sort=priceup&search=%D1%82%D0%B5%D0%BB%D0%B5%D0%B2%D0%B8%D0%B7%D0%BE%D1%80"
"b_b","24 мая","https://www.wildberries.ru/catalog/958802301/detail.aspx","958802301","https://basket-40.wbbasket.ru/vol9588/part958802/958802301/images/c516x688/1.webp","2 053 ₽","754 ₽","/ 2шт. Светодиодная подсветка Tv 47 Row2 1 Rev0 7 1 L2-Type Tv","","",,"−62%−62%","2026-05-20T20:48:55.237Z","https://www.wildberries.ru/catalog/0/search.aspx?sort=priceup&search=%D1%82%D0%B5%D0%BB%D0%B5%D0%B2%D0%B8%D0%B7%D0%BE%D1%80"
"b_b","24 мая","https://www.wildberries.ru/catalog/958804153/detail.aspx","958804153","https://basket-40.wbbasket.ru/vol9588/part958804/958804153/images/c516x688/1.webp","2 081 ₽","765 ₽","/ 1шт. Светодиодная подсветка Tv 32 7LED A1b1 Sb12 M2x0052","","",,"−62%−62%","2026-05-20T20:48:55.237Z","https://www.wildberries.ru/catalog/0/search.aspx?sort=priceup&search=%D1%82%D0%B5%D0%BB%D0%B5%D0%B2%D0%B8%D0%B7%D0%BE%D1%80"
"b_b","24 мая","https://www.wildberries.ru/catalog/958804185/detail.aspx","958804185","https://basket-40.wbbasket.ru/vol9588/part958804/958804185/images/c516x688/1.webp","2 141 ₽","786 ₽","/ 1шт. Светодиодная подсветка Tv 49 Evt Right","","",,"−62%−62%","2026-05-20T20:48:55.237Z","https://www.wildberries.ru/catalog/0/search.aspx?sort=priceup&search=%D1%82%D0%B5%D0%BB%D0%B5%D0%B2%D0%B8%D0%B7%D0%BE%D1%80"
"b_b","24 мая","https://www.wildberries.ru/catalog/958802197/detail.aspx","958802197","https://basket-40.wbbasket.ru/vol9588/part958802/958802197/images/c516x688/1.webp","2 173 ₽","798 ₽","/ 2шт. Светодиодная подсветка Tv 50 Row2 1 Rev 0 4 1 L1-Type","","",,"−62%−62%","2026-05-20T20:48:55.237Z","https://www.wildberries.ru/catalog/0/search.aspx?sort=priceup&search=%D1%82%D0%B5%D0%BB%D0%B5%D0%B2%D0%B8%D0%B7%D0%BE%D1%80"
"","5 июня","https://www.wildberries.ru/catalog/1036278344/detail.aspx","1036278344","https://basket-41.wbbasket.ru/vol10362/part1036278/1036278344/images/c516x688/1.webp","822 ₽","805 ₽","/ Телевизор Taofa LC500DUE-SFR1","","",,"","2026-05-20T20:48:55.237Z","https://www.wildberries.ru/catalog/0/search.aspx?sort=priceup&search=%D1%82%D0%B5%D0%BB%D0%B5%D0%B2%D0%B8%D0%B7%D0%BE%D1%80"
"","24 мая","https://www.wildberries.ru/catalog/954493538/detail.aspx","954493538","https://basket-40.wbbasket.ru/vol9544/part954493/954493538/images/c516x688/1.webp","2 201 ₽","809 ₽","/ 1шт. Светодиодная подсветка Tv 32 Jl","","",,"−62%−62%","2026-05-20T20:48:55.237Z","https://www.wildberries.ru/catalog/0/search.aspx?sort=priceup&search=%D1%82%D0%B5%D0%BB%D0%B5%D0%B2%D0%B8%D0%B7%D0%BE%D1%80"
"b_b","24 мая","https://www.wildberries.ru/catalog/958804144/detail.aspx","958804144","https://basket-40.wbbasket.ru/vol9588/part958804/958804144/images/c516x688/1.webp","2 201 ₽","809 ₽","/ 1шт. Светодиодная подсветка Tv 49 Vestel 490DRT Vnb B-type","","",,"−62%−62%","2026-05-20T20:48:55.237Z","https://www.wildberries.ru/catalog/0/search.aspx?sort=priceup&search=%D1%82%D0%B5%D0%BB%D0%B5%D0%B2%D0%B8%D0%B7%D0%BE%D1%80"
"b_b","24 мая","https://www.wildberries.ru/catalog/958804444/detail.aspx","958804444","https://basket-40.wbbasket.ru/vol9588/part958804/958804444/images/c516x688/1.webp","2 201 ₽","809 ₽","/ 1шт. Светодиодная подсветка Tv 42 Vnb Reduced B-c Type Rev0","","",,"−62%−62%","2026-05-20T20:48:55.237Z","https://www.wildberries.ru/catalog/0/search.aspx?sort=priceup&search=%D1%82%D0%B5%D0%BB%D0%B5%D0%B2%D0%B8%D0%B7%D0%BE%D1%80"
"","5 июня","https://www.wildberries.ru/catalog/1038862746/detail.aspx","1038862746","https://basket-42.wbbasket.ru/vol10388/part1038862/1038862746/images/c516x688/1.webp","849 ₽","832 ₽","/ LED-телевизор Ариелли LED-32DN4T2","","",,"","2026-05-20T20:48:55.237Z","https://www.wildberries.ru/catalog/0/search.aspx?sort=priceup&search=%D1%82%D0%B5%D0%BB%D0%B5%D0%B2%D0%B8%D0%B7%D0%BE%D1%80"
"b_b","24 мая","https://www.wildberries.ru/catalog/958804378/detail.aspx","958804378","https://basket-40.wbbasket.ru/vol9588/part958804/958804378/images/c516x688/1.webp","2 283 ₽","839 ₽","/ 1шт. Светодиодная подсветка Tv 32","","",,"−62%−62%","2026-05-20T20:48:55.237Z","https://www.wildberries.ru/catalog/0/search.aspx?sort=priceup&search=%D1%82%D0%B5%D0%BB%D0%B5%D0%B2%D0%B8%D0%B7%D0%BE%D1%80"
"b_b","24 мая","https://www.wildberries.ru/catalog/958804396/detail.aspx","958804396","https://basket-40.wbbasket.ru/vol9588/part958804/958804396/images/c516x688/1.webp","2 283 ₽","839 ₽","/ 1шт. Светодиодная подсветка Tv 12 Jyx-2078","","",,"−62%−62%","2026-05-20T20:48:55.237Z","https://www.wildberries.ru/catalog/0/search.aspx?sort=priceup&search=%D1%82%D0%B5%D0%BB%D0%B5%D0%B2%D0%B8%D0%B7%D0%BE%D1%80"
"","5 июня","https://www.wildberries.ru/catalog/1041949609/detail.aspx","1041949609","https://basket-42.wbbasket.ru/vol10419/part1041949/1041949609/images/c516x688/1.webp","869 ₽","851 ₽","/ LED-телевизор TD Systems K50DLJ10US K50DLJ11US","","",,"","2026-05-20T20:48:55.237Z","https://www.wildberries.ru/catalog/0/search.aspx?sort=priceup&search=%D1%82%D0%B5%D0%BB%D0%B5%D0%B2%D0%B8%D0%B7%D0%BE%D1%80"
"","24 мая","https://www.wildberries.ru/catalog/951325470/detail.aspx","951325470","https://basket-40.wbbasket.ru/vol9513/part951325/951325470/images/c516x688/1.webp","2 340 ₽","860 ₽","/ 1шт. Светодиодная подсветка Tv 48 Jl","","",,"−62%−62%","2026-05-20T20:48:55.238Z","https://www.wildberries.ru/catalog/0/search.aspx?sort=priceup&search=%D1%82%D0%B5%D0%BB%D0%B5%D0%B2%D0%B8%D0%B7%D0%BE%D1%80"
"","24 мая","https://www.wildberries.ru/catalog/951324704/detail.aspx","951324704","https://basket-40.wbbasket.ru/vol9513/part951324/951324704/images/c516x688/1.webp","2 454 ₽","902 ₽","/ 1шт. Светодиодная подсветка Tv 55 V0_00 Left","","",,"−62%−62%","2026-05-20T20:48:55.238Z","https://www.wildberries.ru/catalog/0/search.aspx?sort=priceup&search=%D1%82%D0%B5%D0%BB%D0%B5%D0%B2%D0%B8%D0%B7%D0%BE%D1%80"
"","24 мая","https://www.wildberries.ru/catalog/951324629/detail.aspx","951324629","https://basket-40.wbbasket.ru/vol9513/part951324/951324629/images/c516x688/1.webp","2 454 ₽","902 ₽","/ 1шт. Светодиодная подсветка Tv 18 5 - 19 2 линейки 418x3мм","","",,"−62%−62%","2026-05-20T20:48:55.238Z","https://www.wildberries.ru/catalog/0/search.aspx?sort=priceup&search=%D1%82%D0%B5%D0%BB%D0%B5%D0%B2%D0%B8%D0%B7%D0%BE%D1%80"
