leadScore,leadType,isBroker,isInvestor,isWorkOpportunity,businessName,contactName,email,phone,website,city,state,country,address,category,tags,rating,reviewCount,description,source,googleMapsUrl,listingUrl,notes,commissionPitch,scrapedAt
Medium,general,false,false,false,Viva Wyndham Maya,,,,,Playa del Carmen,Quintana Roo,Mexico,,Hotel,"hospitality, openstreetmap",,0,,OpenStreetMap,"https://maps.google.com/?q=20.6068661,-87.0898595",https://www.openstreetmap.org/node/276198795,Visit Google Maps listing to get contact info,"Hola Viva Wyndham Maya, espero que estén teniendo un excelente día en Playa del Carmen. Me dirijo a ustedes porque como empresa líder en el sector hotelero en la Riviera Maya, entendemos que la calidad y el lujo son fundamentales para su negocio. En Recrea Construction nos especializamos en ofrecer servicios de construcción de alta gama y personalizados para proyectos como el suyo. Nos encantaría poder mostrarles cómo podemos ayudar a mejorar y expandir sus instalaciones. ¿Les gustaría agendar una reunión para discutir cómo podemos colaborar? Pueden responder a este mensaje o llamarme por WhatsApp para coordinar una cita. 

Recrea Construction Riviera Maya",2026-03-14T01:28:35.869Z
Medium,general,false,false,false,Viva Wyndham Azteca,,,,,Playa del Carmen,Quintana Roo,Mexico,,Hotel,"hospitality, openstreetmap",,0,,OpenStreetMap,"https://maps.google.com/?q=20.6107871,-87.0870982",https://www.openstreetmap.org/node/276201829,Visit Google Maps listing to get contact info,"Hola Viva Wyndham Azteca, espero que estén bien en Playa del Carmen. Me dirijo a ustedes porque somos conscientes de la importancia de contar con espacios de alta calidad en el sector hotelero. En Recrea Construction, ofrecemos servicios de construcción premium en la Riviera Maya, desde diseño y planificación hasta ejecución y entrega de proyectos. Nos encantaría explorar cómo podemos apoyar a Viva Wyndham Azteca en sus necesidades de construcción. ¿Podríamos agendar una reunión para discutir más a fondo cómo podemos ayudarles? O si prefiere, podemos continuar la conversación por WhatsApp. Estoy a su disposición. Recrea Construction Riviera Maya",2026-03-14T01:28:36.851Z
Medium,general,false,false,false,Hotel Cozumel & Resort,,,,,Cozumel,Quintana Roo,Mexico,,Hotel,"hospitality, openstreetmap",,0,,OpenStreetMap,"https://maps.google.com/?q=20.498737,-86.9608819",https://www.openstreetmap.org/node/365296637,Visit Google Maps listing to get contact info,"Hola equipo de Hotel Cozumel & Resort, espero que se encuentren bien en Cozumel. Me dirijo a ustedes porque entendemos que como establecimiento hotelero en la Riviera Maya, es fundamental contar con espacios de alta calidad y diseño para ofrecer una experiencia inolvidable a sus huéspedes. En Recrea Construction, nos especializamos en proyectos de construcción premium en la región, desde remodelaciones hasta obras nuevas, siempre con un enfoque en la sostenibilidad y el respeto al entorno natural. Me gustaría discutir cómo podemos apoyarlos en sus proyectos actuales o futuros. ¿Sería posible agendar una reunión o conversar por WhatsApp para explorar oportunidades de colaboración? 

Recrea Construction Riviera Maya",2026-03-14T01:28:37.788Z
Medium,general,false,false,false,coco limited,,,,,Tulum,Quintana Roo,Mexico,,Hotel,"hospitality, openstreetmap",,0,,OpenStreetMap,"https://maps.google.com/?q=20.1607593,-87.4541626",https://www.openstreetmap.org/node/368844891,Visit Google Maps listing to get contact info,"Hola Coco Limited, espero que estén teniendo un excelente día en Tulum. Me dirijo a ustedes porque entendemos que como empresa hotelera en la región, es importante contar con espacios de alta calidad y diseño. En Recrea Construction, nos especializamos en ofrecer servicios de construcción premium en la Riviera Maya, desde diseño hasta entrega de obra. Nos encantaría explorar cómo podemos apoyar a Coco Limited en sus proyectos actuales o futuros. ¿Podríamos conversar un poco más sobre sus necesidades y objetivos a través de WhatsApp o en una reunión en su conveniencia? Recrea Construction Riviera Maya",2026-03-14T01:28:38.900Z
Medium,general,false,false,false,El Cid,,,,,Cozumel,Quintana Roo,Mexico,,Hotel,"hospitality, openstreetmap",,0,,OpenStreetMap,"https://maps.google.com/?q=20.4801001,-86.9729891",https://www.openstreetmap.org/node/388350577,Visit Google Maps listing to get contact info,"Hola El Cid, espero que esté bien. Me dirijo a usted desde Recrea Construction, una empresa de construcción premium en la Riviera Maya. Entendemos que en su posición en El Cid | Hotel en Cozumel, la búsqueda de servicios de construcción de alta calidad es crucial. En Recrea Construction, nos especializamos en ofrecer soluciones personalizadas para proyectos de construcción y remodelación en la región. Me gustaría saber más sobre sus necesidades actuales y cómo podemos apoyarlo. ¿Le gustaría conversar un poco más sobre esto vía WhatsApp o reunirnos para discutir cómo podemos colaborar? 

Recrea Construction Riviera Maya",2026-03-14T01:28:39.635Z